product_id,product_name,category,price,description
P0041,Finally,Home,417.19,According require usually opportunity.
P0015,Seem,Clothing,298.29,Tree including across party light middle study.
P0032,Some,Toys,279.07,Tell together hold world each despite.
P0070,Four,Toys,441.11,Bar able role.
P0020,One,Books,184.53,Protect blue business color significant give.
P0016,Anyone,Clothing,280.34,Phone management we program seven term pretty price.
P0028,Tax,Toys,11.39,Your vote apply brother Congress.
P0015,Help,Clothing,109.33,Meet third stuff whole mission quality.
P0074,Truth,Clothing,335.73,Individual organization care mouth.
P0087,Fear,Electronics,334.52,Baby town our have watch not address.
P0036,Discover,Home,340.92,Whether character positive offer cover.
P0020,Note,Toys,244.05,Anything Mr white fish Democrat.
P0051,Claim,Books,462.71,Stage they official rise.
P0089,Also,Clothing,432.75,Worry far this note despite position family.
P0040,Culture,Clothing,153.29,Everything various benefit.
P0024,Tough,Electronics,41.45,Another beat admit.
P0066,Phone,Clothing,268.54,Various us go address dog.
P0047,Clearly,Clothing,257.98,Look represent improve force fire particularly success.
P0087,Picture,Toys,378.37,Bit life bring grow here reality.
P0063,High,Books,454.05,Create enjoy perform full.
P0037,Position,Books,177.22,Stage suffer make respond either newspaper.
P0083,Than,Electronics,106.73,Policy step line human call artist spring.
P0008,Anything,Clothing,456.21,Wonder thus talk.
P0079,From,Clothing,149.59,Detail Mr serve.
P0089,Agent,Electronics,118.49,Fill street success risk instead do able.
P0089,Quality,Toys,349.64,Simply leader population series thus industry partner page.
P0064,Reality,Toys,223.49,Case he during stand until challenge level.
P0064,Hospital,Books,406.23,Western poor you.
P0046,Pm,Home,159.19,Certain major how test itself talk important.
P0032,When,Home,232.51,Argue medical head great.
P0089,My,Books,205.11,Control director new land.
P0063,Crime,Books,211.86,Left bit against important offer during lose next.
P0014,Social,Toys,375.01,Take how piece other idea.
P0002,Upon,Toys,489.91,Travel final piece international particularly.
P0066,Usually,Clothing,335.78,Amount old approach wind.
P0023,Term,Home,289.67,As military development smile read everything word.
P0025,Page,Electronics,335.31,Bank season woman remain easy.
P0054,Activity,Toys,25.87,Stuff head sense official parent old.
P0060,Without,Clothing,172.38,Of decide authority accept task.
P0001,Religious,Home,460.5,Nothing involve happy who likely economy.
P0038,Media,Books,303.23,Boy change quite police.
P0064,Will,Toys,485.07,Success truth people thing.
P0014,Wind,Electronics,440.57,Worker theory message whom share.
P0074,Customer,Home,94.18,Next a movement economy remember.
P0072,Class,Toys,96.79,Born among fish wind.
P0008,Rise,Home,379.63,Possible Republican energy.
P0097,Standard,Toys,13.84,Energy nor wear step economy.
P0024,Game,Books,83.46,Begin account rich political visit course.
P0027,Agent,Home,407.39,Age need property power upon American.
P0084,Pm,Electronics,436.26,Girl moment spend contain simply.
P0038,Necessary,Toys,317.98,Life she space leg small ask.
P0003,News,Electronics,329.23,Class character remain focus man minute radio.
P0005,Condition,Toys,170.25,Amount maintain head but.
P0095,Form,Toys,434.53,Nearly fine focus whatever evening break.
P0036,Can,Electronics,43.77,Sure change home but receive white possible.
P0050,Individual,Toys,318.37,Rich whether school husband.
P0081,Remember,Toys,41.96,Growth together road send book.
P0030,Court,Electronics,194.1,Each long newspaper establish begin send stop.
P0042,Plant,Home,361.43,Director fly force nor week.
P0031,Court,Clothing,270.82,Grow ok point throw.
P0028,Spend,Books,281.67,Message because friend number rock above difference because.
P0038,Light,Clothing,234.98,Baby attention miss toward like.
P0009,Age,Home,394.53,Particularly argue better newspaper.
P0046,Wind,Home,98.58,Our dark toward professor quickly.
P0025,Simply,Clothing,327.05,Trade machine gas coach newspaper structure make.
P0085,Capital,Home,381.97,Middle price throughout discover.
P0052,Building,Electronics,57.0,Manager voice yard return a ten.
P0008,Board,Books,424.56,Form street building only yet pressure their.
P0066,Act,Home,247.88,Image light close purpose say.
P0048,Case,Home,288.9,Else skin light him.
P0045,Sort,Electronics,152.32,Try owner four long whether accept.
P0058,Think,Books,86.64,Them fish work for citizen.
P0023,Tree,Electronics,201.75,Heart serious act heavy knowledge early attention.
P0020,Physical,Clothing,277.99,Front other camera right chance magazine.
P0086,Over,Home,87.98,Quite most wait seem.
P0089,Yes,Home,333.43,Its song consumer.
P0031,Matter,Clothing,171.05,Upon professor eat case charge above really.
P0016,Environment,Books,202.17,Material structure professor number.
P0023,Need,Books,463.77,Herself maintain factor nearly.
P0027,Tough,Toys,165.02,Decide particular east service force participant back.
P0010,Benefit,Books,471.99,Evidence human possible itself.
P0027,Tv,Clothing,175.02,Movie agree second idea push.
P0018,Mouth,Home,33.31,Choice read now.
P0024,Hair,Toys,209.52,Help only case.
P0044,Its,Books,497.39,Similar soon according choice expert window dark.
P0074,Join,Home,417.35,Bank authority current economy community.
P0062,Modern,Toys,309.15,Nearly while art behavior language.
P0053,School,Toys,78.79,Care scene worker perform alone particularly necessary.
P0071,Point,Home,107.63,Data always him image research according.
P0021,Once,Home,348.96,Military early office edge possible make father.
P0060,Wish,Electronics,465.71,The common again break executive.
P0048,Protect,Electronics,349.97,Party student process leg around student.
P0075,Explain,Electronics,221.13,Rest pick lawyer phone five.
P0044,Approach,Home,23.21,Property under training have.
P0006,Education,Home,118.85,Bring probably reduce significant knowledge price.
P0060,Such,Books,59.51,Former by do on tonight southern piece suggest.
P0098,Mr,Books,106.68,Partner carry above billion herself especially traditional.
P0034,Pattern,Home,110.0,Economy its color moment see agent training.
P0047,Baby,Toys,54.78,Education develop prepare a price.
P0001,Though,Home,110.71,Yes safe back peace father oil.
P0054,Reason,Clothing,404.24,Course explain sing prevent system director.
P0086,Edge,Books,349.77,Arrive cell time trip begin attention.
P0058,Indeed,Home,137.38,Radio shake charge wife should do candidate.
P0038,Community,Clothing,470.85,Physical find lead carry kid film.
P0039,Possible,Clothing,257.73,Either page economic identify product office scientist enjoy.
P0025,Suddenly,Toys,365.61,Employee start option place.
P0070,Window,Home,239.23,Claim which least interview tonight market personal.
P0096,White,Electronics,437.65,Value stuff thank whole cover fast.
P0007,Manager,Clothing,363.63,Score manage program lead serve.
P0096,Feel,Clothing,193.03,Matter spend nothing fact.
P0022,Piece,Clothing,278.61,Style can administration hour.
P0037,Clear,Home,350.1,Sister go game wrong together here people.
P0001,Outside,Home,434.13,Ago letter understand partner though seem.
P0050,Performance,Books,460.22,Whether her maybe claim year stand upon particularly.
P0042,South,Home,426.43,Notice pressure community note style wife pressure.
P0050,Treat,Clothing,162.68,Actually until raise same reveal hot.
P0003,Imagine,Books,238.67,Large mouth all security free modern short.
P0060,Myself,Home,28.46,Answer east move trip.
P0034,Seek,Home,476.1,Be unit responsibility whatever who foot.
P0079,Unit,Clothing,302.17,Full within health.
P0021,Sing,Electronics,295.61,Because cover site hotel bring.
P0048,Chance,Home,499.31,Early itself friend.
P0093,State,Clothing,329.44,Wrong account leg institution wear family.
P0005,Floor,Toys,421.3,Former white they board understand wear data.
P0039,Campaign,Toys,365.21,Miss memory beyond particularly.
P0084,Include,Clothing,485.22,Deep start nature alone question wife player.
P0054,Range,Electronics,467.86,Young room north.
P0043,Life,Toys,469.51,Maintain Democrat full.
P0086,Include,Electronics,183.57,Than tree full.
P0073,Memory,Books,325.11,Role condition worker student third deep however.
P0066,Tree,Electronics,379.3,Director fact fire husband piece those.
P0036,Teacher,Electronics,88.76,Claim compare as.
P0093,Pull,Clothing,354.66,To watch rather need heart factor.
P0066,Star,Clothing,443.11,Try door social draw partner news stand.
P0037,Require,Books,351.12,The develop economy effort.
P0026,Mission,Electronics,367.61,State week small stop research.
P0045,Rock,Home,350.07,Reduce get force together work line official.
P0100,Republican,Clothing,53.56,Even value garden million movement effect enjoy.
P0004,Network,Home,128.2,Carry sit area focus.
P0098,Defense,Toys,169.12,Door operation report everybody western.
P0057,Oil,Clothing,459.64,Support relate increase something focus carry doctor.
P0090,Truth,Home,372.49,Ok agent almost maybe game drop two.
P0062,Same,Books,410.89,New particularly concern effect.
P0056,If,Clothing,266.87,Society value other test early.
P0013,Trip,Clothing,273.15,Bad organization themselves office visit.
P0045,Miss,Books,367.89,Week wait half would enter eat.
P0082,Issue,Home,259.5,Send through simple cover.
P0043,Order,Electronics,42.75,Responsibility table strategy lead sit speech station.
P0100,Tough,Electronics,123.92,Put reduce mission save be really.
P0027,Training,Electronics,410.77,Society tell force former magazine.
P0019,Figure,Electronics,139.76,Build fish third he late.
P0071,Across,Books,497.73,American everyone choice.
P0070,Memory,Clothing,426.25,Television girl do each pretty hold mission.
P0043,News,Home,97.76,New job seem coach stand some.
P0097,Produce,Books,236.04,Paper sport finally exist language itself stop.
P0077,Include,Toys,377.59,Network particularly send public kitchen item.
P0017,Group,Clothing,55.59,Ten appear style bar.
P0020,Call,Clothing,150.07,Race challenge site cell.
P0030,Nation,Home,439.76,Court prevent on measure do everyone might.
P0035,Both,Home,167.95,Win as movie them attorney executive.
P0035,Significant,Home,173.42,Player last right outside force baby.
P0058,Night,Electronics,27.46,Discuss director miss often newspaper agree.
P0025,Company,Books,463.54,Well past night end.
P0002,Any,Toys,341.86,Expect training run this laugh.
P0089,Particularly,Electronics,246.79,Second like could single.
P0060,Word,Electronics,458.13,Offer dinner per tough.
P0064,Five,Books,386.75,Industry work find benefit force reduce.
P0058,Involve,Clothing,124.63,Trial system try return.
P0016,Affect,Books,321.4,Whose amount difference stay close family.
P0004,Thing,Clothing,340.49,Chair again region company capital less.
P0049,Financial,Electronics,79.86,Care me thousand point whose quickly.
P0054,Only,Clothing,242.99,Feeling raise go their player physical anyone.
P0035,Its,Toys,453.18,Fast every where away they test.
P0072,Physical,Toys,366.76,Anything analysis lot body push board situation.
P0031,Analysis,Books,53.95,Minute media off money idea.
P0026,Individual,Electronics,89.37,Sport discuss stage seem usually stand social.
P0015,Significant,Clothing,74.72,Upon goal onto many including tend maybe.
P0095,Line,Electronics,206.32,Here material rock approach instead.
P0012,Culture,Clothing,484.26,Investment difference court company.
P0057,Teacher,Electronics,54.57,There somebody part eye that thank term.
P0073,Claim,Clothing,185.71,Population sing improve weight expect arrive.
P0062,Toward,Clothing,307.97,His minute common billion treat man sing.
P0071,Stop,Toys,139.86,Church movie analysis fall us check onto.
P0078,Again,Toys,73.93,Despite pattern southern in between start last.
P0033,Billion,Electronics,21.48,Long cause black.
P0007,Might,Clothing,420.73,Know politics thing mind catch put.
P0024,Responsibility,Home,59.55,Voice manage deal government machine letter cut.
P0011,Anyone,Books,100.86,Yes shake citizen one reduce.
P0032,Officer,Clothing,45.99,Professor month somebody.
P0010,Think,Toys,33.77,Instead picture message purpose our military.
P0079,Star,Electronics,296.85,Get economy blue such should source east.
P0090,Type,Clothing,14.37,Somebody technology letter mother dinner.
P0052,Themselves,Clothing,480.75,Society property suggest mind.
P0053,Eat,Books,197.96,Here age deep quickly year just.
P0048,Lot,Home,200.98,Defense push lawyer song.
P0044,Popular,Books,476.42,Amount type today measure house child.
P0020,While,Clothing,413.08,Character these traditional art prove central soon.
P0011,Instead,Toys,287.4,Low executive play staff enter together coach.
P0071,Improve,Home,456.46,Within work race safe sea loss rise mean.
P0100,Nothing,Clothing,321.27,From real already bar.
P0008,Trouble,Home,93.16,Security through professor institution call.
P0066,Most,Books,451.47,Group travel stay television buy hour attack.
P0075,Three,Home,24.79,Keep three wonder drug Congress operation.
P0037,Hand,Toys,185.03,Necessary walk team wall different.
P0016,Man,Home,49.99,Low miss thousand sign apply.
P0083,People,Electronics,486.98,Happy environment ball appear expect challenge.
P0034,Administration,Clothing,227.16,Fight woman catch road writer since thousand her.
P0077,Ahead,Electronics,371.52,Pick tend dinner various.
P0068,Child,Books,224.78,Side have year the lot no professor.
P0006,Want,Toys,210.81,Appear impact baby Mrs world.
P0027,Interview,Home,280.56,Stop car house degree could personal edge.
P0097,Exactly,Toys,160.75,Church forget many care face simple.
P0027,Learn,Toys,43.31,Itself speak call.
P0099,Response,Clothing,405.63,Similar conference reduce candidate lead six name.
P0061,Weight,Books,262.52,Authority finally after head player.
P0074,Agreement,Clothing,380.42,Human green interesting able news moment.
P0020,Door,Toys,327.51,Produce wait reason and radio join.
P0065,Dinner,Clothing,216.03,Test represent interview maintain off music.
P0022,Information,Home,50.98,Certainly medical clear.
P0060,Six,Books,295.1,Minute shake and same.
P0042,Trade,Clothing,339.6,Method central modern story.
P0077,Cut,Books,321.03,Congress very someone change board story.
P0073,Attorney,Electronics,104.55,Trip throw chair.
P0053,Feeling,Clothing,374.95,Take foreign our water.
P0027,Eye,Electronics,33.02,Reduce case program must join both.
P0047,Young,Books,405.81,Herself involve think remember rock local along term.
P0042,Never,Home,361.94,Property west stage whose use south.
P0041,Adult,Electronics,368.25,Should take section this may country face.
P0054,Girl,Toys,160.43,Of drive scientist find.
P0037,Among,Clothing,421.87,Against hair act say six interview however.
P0040,Partner,Electronics,130.01,Than task note evidence sound service trip fear.
P0081,Thing,Home,108.42,Manage son oil identify current.
P0065,Receive,Books,448.15,Fire continue word as he.
P0025,Year,Electronics,187.46,Piece source wear away hour.
P0062,Protect,Toys,327.17,Thought strategy none upon.
P0069,Kind,Books,422.46,Which east ever sound never.
P0019,Call,Home,152.86,Five fire issue agency.
P0052,Any,Clothing,490.85,Upon training maybe health actually Republican.
P0095,Present,Clothing,406.22,Their around election day challenge however.
P0044,Put,Home,362.03,Only because want which now film.
P0095,Page,Books,305.88,Record value attention.
P0037,Poor,Clothing,121.03,School change already dream.
P0074,None,Clothing,313.93,Medical enough protect machine.
P0092,Million,Books,153.47,Factor call subject marriage when tough government.
P0009,Book,Toys,280.88,Both where thus despite what.
P0083,Truth,Clothing,445.81,Role expert enter option.
P0061,Example,Electronics,438.89,Late study me just threat establish structure.
P0029,Organization,Electronics,115.25,Surface debate physical enter military nature parent.
P0099,Off,Clothing,418.78,Past citizen wonder quickly.
P0077,Issue,Clothing,91.22,Under campaign hit almost family work.
P0060,Low,Toys,381.05,Decade training need person campaign check shake.
P0010,Alone,Electronics,121.0,Fight ok all player future why.
P0084,Why,Toys,459.23,Never relate often establish.
P0016,Treatment,Clothing,440.84,Attention especially base ago thought address as.
P0092,Ten,Clothing,329.18,Unit impact represent finally raise reason stage.
P0080,Yard,Clothing,426.14,Ago party night wonder position player.
P0049,Toward,Books,238.65,Property off surface early at carry.
P0020,Safe,Clothing,123.66,Food start movie evening.
P0002,Know,Electronics,470.79,Upon forget bank debate hit stand administration.
P0041,Stage,Clothing,131.79,Long hear large fly upon blood.
P0036,Season,Electronics,199.44,No however throughout goal seven maybe trouble.
P0084,Response,Books,186.51,Result care turn computer charge anything whose.
P0006,Travel,Toys,60.85,Account beat within box.
P0042,Face,Toys,369.91,Weight including film imagine knowledge.
P0085,Main,Electronics,208.96,Somebody high listen church sign share.
P0049,Already,Clothing,341.37,Later fine truth available small right forget.
P0012,Human,Books,315.74,Buy activity society close.
P0030,Service,Electronics,488.67,On physical test indeed smile activity.
P0072,Family,Electronics,462.52,Even room consumer trial how.
P0086,Maintain,Electronics,74.1,Hard story push partner student.
P0004,We,Clothing,94.17,Team he response message.
P0021,Seek,Books,148.97,Economy daughter reflect agreement plant camera.
P0042,Other,Clothing,146.74,Easy score newspaper.
P0060,Environment,Clothing,70.6,Decision per change consider option happy attorney.
P0068,Drive,Books,376.41,Firm purpose of attorney within people control.
P0019,Social,Toys,95.88,Everyone tell clearly billion pull.
P0040,Edge,Electronics,369.12,Weight million forget book.
P0016,Wind,Toys,350.75,Wide boy bed enter office.
P0077,Summer,Books,323.36,Long music course yet large southern interest.
P0052,Energy,Clothing,110.67,Candidate seat chance best side get western.
P0002,Image,Books,16.46,Serve ball cold serious argue blood.
P0003,Catch,Electronics,200.66,Huge quality herself statement policy.
P0004,Would,Books,290.79,Family should generation analysis their.
P0087,News,Electronics,338.02,Responsibility although although admit mother investment.
P0084,Activity,Electronics,334.22,Concern recognize skin any certainly.
P0085,Position,Books,471.67,Pretty allow catch ask alone amount.
P0017,Worry,Books,337.79,Here human she can.
P0028,Visit,Books,451.85,Spring buy which thought lot keep.
P0092,Serve,Electronics,426.19,Sort good in argue chair.
P0089,Control,Electronics,480.95,Treatment three face machine business.
P0073,Detail,Toys,492.92,Could officer dark lose production put above.
P0089,Apply,Home,95.81,Subject as tend hair television structure ago cultural.
P0020,Recognize,Toys,400.79,Visit defense attention thousand avoid take.
P0077,Process,Electronics,159.91,Thing turn property music pressure memory cover.
P0047,Yeah,Electronics,428.77,On boy hear degree everybody strategy.
P0098,Long,Toys,414.19,Low goal culture.
P0070,Along,Electronics,332.6,Factor PM brother effort public.
P0057,What,Home,229.51,Else magazine analysis culture.
P0022,Oil,Toys,135.07,Operation former relate son drug they.
P0052,How,Electronics,354.27,Time within Mrs.
P0059,Add,Books,83.69,Everybody seem computer perhaps level.
P0067,Great,Toys,179.36,Across nation between minute think.
P0062,Contain,Home,426.29,Listen whose language article foreign.
P0014,Short,Books,85.41,Local score what course amount ready claim.
P0077,Side,Electronics,438.43,Nor out if activity security dream.
P0069,Owner,Toys,269.74,Finish enough test best.
P0089,Method,Home,469.76,After land although change.
P0012,Once,Books,446.13,Even protect receive single.
P0025,Increase,Toys,115.21,Government yeah base real popular require.
P0045,Respond,Home,89.86,Son make church.
P0064,Ahead,Home,239.47,Hear PM sing answer.
P0076,Specific,Electronics,333.78,Cup seem need later choice ask.
P0021,Maybe,Books,103.79,Bar interesting conference know pressure usually.
P0093,Pattern,Toys,383.28,Fill off tree man.
P0022,Anyone,Home,416.15,Establish likely analysis prove per.
P0034,Member,Books,184.03,Itself in wait day likely.
P0062,Different,Books,155.07,Carry child movement number interesting shake.
P0066,Foot,Clothing,385.76,Develop dream environment institution respond.
P0042,In,Home,299.98,Enough dark instead behind image firm crime.
P0041,Everything,Books,377.92,Reality cause add effort event as want teach.
P0068,Choice,Home,346.59,Past place need best.
P0013,Participant,Home,274.8,Test act television sea employee check go.
P0095,Small,Home,259.24,Money night decide speak.
P0044,Wait,Books,448.62,Give by human.
P0076,Those,Clothing,180.81,Sign nothing human size evening.
P0012,Early,Books,185.64,Simply wear treatment.
P0082,Forget,Toys,322.71,Chance enter long.
P0071,Thought,Electronics,385.59,Indicate various chance.
P0003,Head,Home,265.32,Agency account push food.
P0024,Past,Books,92.66,Law base against reach.
P0085,Old,Clothing,166.67,Explain general fear somebody color today tax fund.
P0015,Focus,Home,388.16,Prevent machine series best case too.
P0005,Relationship,Books,294.82,Task region before enough of forget.
P0016,Recognize,Toys,49.0,Economy information two floor amount cold figure.
P0006,Serious,Books,471.84,Husband water list thousand as value than.
P0067,Star,Electronics,447.26,Adult fact property.
P0034,Everything,Home,463.73,Candidate voice happy thank state new five.
P0018,Thousand,Home,208.44,Project know kid president pass begin drug.
P0026,Number,Clothing,370.34,Rate future idea note capital like smile.
P0066,Increase,Books,441.28,Moment happy use.
P0017,Allow,Clothing,296.83,Recent behind some industry fine whole.
P0054,Inside,Toys,138.36,Beyond product various cell.
P0085,Say,Home,292.33,Bad age several town interesting down.
P0028,Themselves,Electronics,83.26,Little history feeling pull.
P0091,Free,Home,211.56,Cup born herself shoulder similar threat.
P0055,Job,Electronics,432.47,Several minute fly pick.
P0053,Maintain,Clothing,258.85,Time home likely.
P0090,Step,Books,379.47,Her official even young through.
P0067,Consumer,Books,384.09,Thousand person play staff week rich.
P0084,Budget,Clothing,368.56,Factor daughter nearly list later kid democratic.
P0047,Sit,Toys,36.04,Increase though score when where free.
P0100,Beat,Books,280.68,When physical reflect section.
P0047,Pattern,Toys,379.19,Doctor hotel former suddenly.
P0037,Computer,Books,291.99,Father political bad wait network whose.
P0071,Focus,Electronics,138.7,Answer require they candidate project especially must production.
P0048,Level,Toys,423.69,Clearly late per instead system city.
P0019,Imagine,Books,439.56,Start general Republican forget.
P0059,Or,Books,138.7,Half hard no activity movie.
P0014,Determine,Home,153.48,Attack own hold.
P0080,Technology,Clothing,486.0,Explain discuss dream modern president political.
P0016,Product,Home,167.99,Entire project white strategy authority defense ten.
P0074,Can,Toys,96.61,Doctor old no the bill us.
P0001,Discussion,Clothing,31.55,Pretty take fish.
P0046,Feeling,Electronics,362.61,Teach ten tonight plant turn fall.
P0066,Student,Books,80.53,Pattern process treat far relate base.
P0056,After,Books,62.41,Business early plant catch better.
P0055,Offer,Electronics,153.67,Fine investment little specific.
P0012,Will,Toys,146.66,Group realize young prove eat light political plant.
P0040,Stuff,Electronics,85.82,Big contain increase get voice they nice drop.
P0029,Field,Toys,79.45,Third Mrs soldier economic.
P0004,Identify,Electronics,17.42,At cut fall material.
P0038,Former,Home,408.0,Exist sport middle now.
P0057,Ready,Clothing,421.91,Tv campaign nice speak five wrong sit how.
P0088,Participant,Clothing,107.48,Talk law exist road present Republican history.
P0009,Until,Books,97.45,Claim economy American hospital me.
P0058,Fall,Home,395.97,Conference none student interesting past.
P0069,View,Books,131.48,Beyond same stuff market miss maybe.
P0024,Yard,Electronics,404.73,Degree available administration back.
P0094,Daughter,Home,143.7,Seat act child sing some.
P0009,Space,Clothing,254.06,Beyond mouth money upon always black control.
P0022,Language,Books,217.78,Us cover like happy near toward.
P0041,Quality,Clothing,157.58,North set prepare end.
P0090,Various,Home,96.9,Speak do education truth none window nation.
P0023,Operation,Clothing,156.24,Each street feel happen most.
P0057,Reality,Books,24.02,Former accept star or position vote.
P0049,Idea,Toys,262.54,Final determine central strategy discuss question reduce.
P0045,Us,Books,243.66,Country learn eat understand author almost require.
P0099,Size,Clothing,437.0,Respond check answer give station region.
P0096,Hour,Electronics,319.84,Most too away age doctor break management.
P0040,Attorney,Clothing,497.76,Management suggest heart professor discuss improve nearly contain.
P0031,Hair,Home,497.44,Force news movie prove ground.
P0079,Whose,Clothing,466.18,Visit green discussion identify office seven.
P0064,Total,Clothing,218.61,Actually young every.
P0087,Decide,Books,133.08,Sea house reason manager despite.
P0079,Marriage,Home,310.46,Enjoy within hope billion produce allow ball.
P0048,Rule,Toys,166.52,Doctor recognize practice spend other I.
P0010,Issue,Home,205.85,West agency wide consumer later.
P0098,Its,Home,64.8,Test medical early these where.
P0022,Central,Books,62.49,Season situation physical wait check.
P0029,Dream,Home,439.03,Letter Mr space.
P0011,Do,Home,272.46,Century whom laugh chair.
P0072,Operation,Clothing,270.89,Station everybody sign.
P0083,Enough,Books,445.2,Summer similar to our.
P0081,Full,Toys,177.89,Chair poor couple watch.
P0018,Arm,Home,148.71,Most fly talk.
P0036,Memory,Books,243.8,Professional choose really fall attention town service.
P0030,High,Books,10.02,Understand skin could our.
P0085,Kitchen,Home,460.3,Wide style think anything all key price.
P0011,Risk,Electronics,217.02,Camera show wonder institution picture stop produce.
P0040,Pm,Electronics,400.75,Him concern fine bar east sister.
P0073,Meet,Toys,353.9,School most choose prove.
P0100,Knowledge,Toys,337.11,Message officer area computer pick life member.
P0031,Safe,Electronics,436.34,Air establish manage discussion goal tax will.
P0081,Tree,Electronics,474.55,May scientist hour thought threat to.
P0052,According,Clothing,103.66,Idea appear they total.
P0095,Ground,Toys,350.41,Thousand toward claim.
P0031,Raise,Electronics,209.28,Three but himself beyond surface for see.
P0002,Not,Electronics,46.54,Reach whether family police pass child rock.
P0017,Mother,Electronics,291.75,Table say television to not.
P0086,Foot,Books,74.05,Plan front your interest people.
P0005,Case,Books,442.47,East poor white office husband person.
P0076,Number,Electronics,327.29,Draw board this industry scene attack early situation.
P0044,Raise,Electronics,122.42,Performance then run land important I.
P0031,Make,Books,485.48,Affect history group civil movement.
P0085,Four,Electronics,41.46,Marriage turn agent.
P0051,Interest,Books,411.14,Young religious on really hot huge policy pass.
P0078,Military,Books,192.87,Dark option cause major central onto truth.
P0017,Win,Toys,14.24,Born fund our director view service view.
P0046,Trade,Clothing,240.55,Tonight politics particular try fall card.
P0064,Treatment,Books,321.57,Necessary start now movement above behavior receive fire.
P0011,Resource,Home,490.5,Onto process suddenly care cultural relate dinner.
P0025,Artist,Books,383.6,Mother including adult order.
P0069,Simple,Books,148.16,War positive indicate blue.
P0042,Produce,Toys,290.4,Present artist for economy know organization.
P0038,Still,Books,409.52,Nice pay know.
P0045,City,Electronics,243.37,Green activity week term agree.
P0075,Kid,Clothing,98.31,Person long although compare leader threat paper TV.
P0100,Side,Home,203.4,Here entire piece seven.
P0014,Career,Books,423.66,Despite tell campaign meeting factor.
P0050,Six,Toys,184.21,Support order those itself share stay.
P0045,Sit,Books,85.41,Exist expert whatever drug artist first audience.
P0014,Create,Clothing,17.85,During born tend among would money behavior.
P0016,Side,Books,88.24,Bank success training within first despite.
P0082,Team,Electronics,430.64,Pretty tonight Mr management serious left.
P0026,Public,Clothing,359.15,Condition leg particularly situation somebody discover realize opportunity.
P0003,Practice,Clothing,323.16,Fund too see move soldier.
P0007,Participant,Home,265.18,Have edge four fine win.
P0036,Themselves,Electronics,468.26,Democrat argue career nice war hair.
P0063,Other,Books,488.31,Open water contain throw.
P0064,Role,Books,136.98,Firm anything worker school piece guess change.
P0084,Economy,Clothing,13.16,Father while speech mind marriage budget hit doctor.
P0091,Floor,Home,45.65,Ready then house arm soldier fish provide article.
P0086,Prevent,Books,422.71,Not officer your.
P0080,Back,Clothing,82.22,Serious car walk wall.
P0035,Street,Toys,422.16,Start speak enter apply.
P0065,Method,Electronics,233.02,Rule late generation one.
P0065,Whatever,Books,317.11,Kid cultural other state.
P0094,Job,Electronics,79.63,News small community blood poor well training.
P0011,Arm,Electronics,249.02,Reflect minute personal affect view try so.
P0087,Treatment,Books,234.66,Something party quite cost president south growth.
P0068,Feel,Home,421.35,Ago thousand factor.
P0038,City,Electronics,498.08,General future floor specific police investment treatment.
P0091,Guy,Books,422.27,Specific above both operation network ball huge.
P0008,Lawyer,Clothing,64.82,House be base land across believe.
P0072,Recognize,Toys,497.65,Church dinner democratic image.
P0033,Reflect,Clothing,372.9,Investment understand administration they side.
P0079,South,Clothing,291.95,Third for body administration.
P0017,Score,Electronics,291.61,Hundred show back.
P0060,Accept,Clothing,183.22,Time travel pay story area kid easy.
P0024,Learn,Books,185.27,Trip own establish event outside board.
P0084,Field,Clothing,210.34,Hot official especially particularly power.
P0009,Of,Home,360.29,Kid method training either simple above back thought.
P0061,Religious,Home,131.09,Entire treatment issue.
P0053,Their,Clothing,168.42,Lay safe else hour house song.
P0083,Bill,Books,262.8,Century offer store usually.
P0017,National,Home,171.72,List think foot feel far mind recent.
P0012,Start,Clothing,150.61,Radio future enjoy food drive hit happen.
P0012,Season,Clothing,153.06,Specific in have lot something city live.
P0092,Write,Clothing,381.03,Group probably important road really those break.
P0002,Affect,Toys,398.39,Rate early already.
P0092,Guy,Clothing,173.36,Would often respond simply least particular.
P0077,Player,Electronics,330.34,Have determine inside after.
P0030,Bank,Home,464.22,Move eat laugh talk able allow cultural.
P0093,Box,Books,284.69,International provide yard prevent fall yeah.
P0022,Together,Books,496.74,Someone religious management win Mr alone body.
P0058,Decide,Clothing,292.61,Could tonight decision group tree color.
P0084,Congress,Toys,115.45,This girl wait home follow.
P0050,Main,Books,176.83,Design rather wife talk hand car window.
P0044,Lead,Electronics,422.1,All current tell financial item decision.
P0007,Black,Toys,196.39,Tv example drop when ten successful later.
P0100,Your,Home,151.23,Part last begin behavior road line simple lead.
P0007,Measure,Books,43.85,No their medical whether arrive court.
P0029,Herself,Toys,109.0,Particularly television who well painting month red house.
P0035,Reveal,Electronics,475.04,Natural off performance enough.
P0092,When,Books,355.18,Reveal million administration top say someone.
P0092,Week,Home,219.1,Bed describe simply none little serve.
P0076,Evidence,Clothing,131.5,Relationship have son civil country mouth especially.
P0058,Spend,Home,177.42,Mr tree much argue.
P0014,Section,Clothing,316.85,Grow include bad.
P0083,Sit,Clothing,67.96,Dream these past where economic.
P0083,Yet,Electronics,126.27,Subject everyone article church.
P0068,Interest,Toys,491.54,Center authority long decade.
P0034,Compare,Home,439.33,Generation few my cost.
P0006,Threat,Home,297.21,Lead blue himself part any life PM.
P0027,We,Electronics,433.9,Western first value let.
P0061,Yet,Clothing,297.62,Authority possible head world people carry.
P0081,Might,Home,399.42,Head term use.
P0098,Answer,Clothing,422.21,Read early wonder my do beyond.
P0083,Upon,Home,330.6,Painting fund laugh subject order can chance age.
P0001,Successful,Home,482.61,Now eye other produce argue exactly.
P0028,Southern,Books,482.71,Able imagine answer possible hundred local.
P0025,Who,Home,408.05,Career commercial visit teacher crime single above this.
P0042,Heavy,Books,79.39,Market center finish buy carry total create work.
P0055,But,Clothing,188.03,Have form ten certain particular parent series than.
P0047,On,Clothing,329.39,Long voice ok education trial right else.
P0021,Tv,Home,11.93,Yeah customer her forward help left wear.
P0099,Decide,Home,98.83,Television century manager positive century.
P0040,Provide,Books,148.47,Lead color stay rest agreement gun property.
P0090,At,Toys,444.57,On color cold along draw nature.
P0057,Population,Clothing,26.05,Especially interest ago because.
P0094,Goal,Books,361.93,House sell field capital war.
P0093,Cultural,Electronics,115.49,You trade least politics read.
P0007,Also,Clothing,167.31,Consumer brother maybe drive better young stage social.
P0010,Them,Toys,258.65,Student say laugh no official half.
P0013,Age,Clothing,353.03,So network rate bad chance our.
P0089,Direction,Books,427.54,Option who after series hundred.
P0025,Ready,Books,66.67,Suddenly explain size remember present certain visit local.
P0001,Player,Clothing,297.5,Any standard language include.
P0080,Decision,Electronics,107.51,Base meeting speech town unit.
P0043,Current,Books,295.67,Simple power evening candidate.
P0054,Red,Home,163.64,North product thank allow treatment reflect.
P0022,Board,Clothing,470.42,Central wait everything.
P0022,Mr,Books,279.54,Likely back politics establish evening.
P0016,Pressure,Clothing,51.17,Possible customer morning sense push today many.
P0051,Remember,Home,434.01,Concern month analysis create morning deal.
P0053,East,Books,106.46,Suggest lose yard which structure and.
P0062,Color,Home,175.04,Raise politics tree western bar first.
P0069,Back,Home,403.78,Very already require back identify.
P0009,Eight,Home,447.71,Happy show and.
P0020,Environmental,Books,177.19,Republican agent modern.
P0050,Reflect,Electronics,210.04,Century school resource since level.
P0095,Step,Clothing,362.25,Surface reality source already think number nearly.
P0020,Authority,Clothing,367.53,Oil instead full indeed section head.
P0034,Character,Home,364.57,Color eye culture lot central.
P0062,Line,Books,302.94,Ball audience man might remember run particularly.
P0037,Partner,Clothing,361.32,Way can under mission opportunity.
P0081,Third,Electronics,345.79,Positive maintain science science risk contain must.
P0009,Almost,Electronics,196.66,Marriage attention hundred common close like describe.
P0001,Road,Electronics,144.88,Method notice choose customer reduce industry.
P0046,Politics,Clothing,483.32,Security feeling attack group couple quite often site.
P0044,Hear,Clothing,44.96,Story help else sometimes conference reason cut.
P0053,Over,Toys,420.42,Sort choose institution charge alone strategy.
P0055,Someone,Home,303.57,Enjoy into reach throw throw.
P0018,If,Toys,371.21,Appear just weight thousand great.
P0035,Consumer,Home,249.3,Miss traditional air.
P0055,Stock,Clothing,31.64,Lawyer high main few rock enjoy.
P0082,Level,Toys,446.64,Goal represent discuss recognize step foreign rather once.
P0049,Physical,Electronics,113.38,Third run argue serve lay.
P0072,Rule,Electronics,69.54,Number support song interview guess system medical.
P0083,Voice,Books,433.2,Strategy price might our number.
P0005,Way,Books,98.3,Assume character receive.
P0025,After,Clothing,116.97,See eat company our decade political.
P0045,Describe,Books,222.36,Rate issue list music where low.
P0016,Ten,Toys,223.3,Song miss society ask on interesting.
P0068,Information,Home,233.85,Bill boy interview anyone feel ago cover.
P0044,Then,Electronics,207.42,Key her return relate position.
P0043,Public,Electronics,58.13,Shake land nature either hear along beat knowledge.
P0098,Stuff,Books,428.05,Almost whole station reach people.
P0029,Door,Toys,37.43,Republican speech choice store.
P0013,Trade,Books,345.81,About force stage partner must standard alone notice.
P0015,Our,Clothing,132.74,Maybe meet response support reason sound far.
P0057,Easy,Toys,432.67,Environmental eight say difference.
P0014,Seven,Clothing,445.16,Have agree company health away.
P0062,Include,Electronics,487.39,Feel soon here available movement interview.
P0061,Number,Electronics,165.77,Writer stay become or.
P0076,Section,Toys,377.34,Hour teacher political you.
P0043,Maybe,Toys,183.63,Free quickly floor.
P0006,Door,Home,396.87,Under set operation decade.
P0087,Pretty,Toys,108.84,While west price response.
P0082,Upon,Toys,157.68,Full laugh inside let enjoy.
P0026,Security,Electronics,355.83,Bad any series few.
P0020,Already,Home,327.95,Chair hope option education free.
P0051,Among,Toys,268.53,Across both record office chance.
P0019,While,Clothing,309.24,Everyone price recent.
P0091,Also,Electronics,463.6,Upon song throughout theory approach still.
P0031,Star,Home,154.81,Civil company its.
P0077,Light,Electronics,430.49,State citizen lot you.
P0042,Break,Electronics,375.01,Surface yet player every white.
P0034,Many,Books,444.44,Ahead hour somebody present growth simple film.
P0063,Ground,Clothing,154.5,Road threat parent floor candidate clearly.
P0082,Ever,Books,17.87,During record capital door sport it.
P0066,Thus,Toys,180.69,When middle western quickly include head explain.
P0012,Beautiful,Books,396.84,Able future ten.
P0097,Do,Home,282.06,Picture director discuss share spend language.
P0042,Remain,Toys,193.38,Task enjoy blue measure of toward.
P0033,Box,Home,156.3,Just ten part remain generation vote.
P0009,Degree,Books,352.04,Card whom collection organization range.
P0063,Push,Home,388.73,Financial prove those kid.
P0024,Line,Electronics,447.22,Eight phone court boy Republican hope recognize the.
P0024,Wrong,Books,128.05,Speak likely certainly agent.
P0040,Easy,Toys,350.26,Baby direction operation education huge.
P0081,Away,Toys,149.06,Yet modern partner population born upon.
P0024,Realize,Books,339.49,Must break food federal.
P0033,Because,Electronics,438.94,Box from themselves after culture college direction name.
P0054,Seem,Electronics,219.65,Animal leg among wear various action three wrong.
P0085,Give,Electronics,173.42,Fact guess north year company.
P0056,Policy,Toys,322.63,Unit purpose mouth speech probably pretty theory well.
P0027,That,Electronics,294.65,Especially many station force consumer father southern.
P0023,Sport,Books,439.79,Physical once hair me.
P0078,Minute,Electronics,253.88,Look establish hard stop.
P0016,Sign,Books,60.52,Far theory either chair.
P0030,Blood,Toys,443.1,Always oil morning reach.
P0082,Soon,Books,452.0,Month speak I boy book lay.
P0065,Add,Electronics,419.93,Some pattern car necessary character.
P0076,Main,Books,149.72,Measure audience common learn training yourself.
P0060,Develop,Electronics,344.38,Black claim well shake choose since stock.
P0052,Home,Home,383.23,Eye message behavior key.
P0025,Room,Toys,81.96,Space sound discover near.
P0089,Heart,Electronics,224.47,Six heart low school security news fall.
P0085,Blood,Clothing,109.67,Audience or sit point with send season bit.
P0094,Visit,Electronics,131.06,Easy between read suggest.
P0082,We,Toys,125.16,Sure picture when pass.
P0097,Share,Electronics,272.18,End majority side.
P0010,Pattern,Toys,280.4,Color man student against change kid view.
P0057,Down,Clothing,298.99,Someone police game respond you road language.
P0012,Public,Books,383.17,Loss center talk ten history she.
P0018,Government,Toys,287.28,Perform production defense wonder television.
P0062,Ten,Clothing,267.52,Organization hand social day.
P0024,Institution,Clothing,422.47,Let view police southern.
P0079,Major,Clothing,137.26,Many ahead pressure book right offer base weight.
P0090,Inside,Electronics,125.5,Prove suddenly another citizen.
P0028,Machine,Clothing,476.19,Should travel result Republican room second prove.
P0059,Remember,Books,299.76,Prove subject light report.
P0017,Law,Toys,240.74,Account around gun industry.
P0029,Receive,Home,47.84,Change national claim could but several federal item.
P0054,To,Toys,134.28,What class doctor simply short which note current.
P0033,Another,Toys,118.21,War mean network down main.
P0024,Drop,Toys,421.35,Determine on entire later program require.
P0001,Race,Books,449.26,Method report art mother recent bar.
P0026,Skin,Toys,267.48,Happy learn practice exist.
P0039,Nearly,Books,325.5,After continue science.
P0029,Weight,Clothing,155.19,Positive blue only vote Mrs process capital.
P0036,Maintain,Toys,412.99,First method theory more house magazine finish participant.
P0095,Example,Toys,371.21,Able many clear answer.
P0073,Pattern,Toys,114.32,About century popular wear poor carry.
P0045,Decade,Home,278.13,Form subject source them difficult.
P0094,Marriage,Toys,159.64,There say back ready someone administration like.
P0006,Knowledge,Toys,179.85,Front edge vote author difference region.
P0073,Itself,Home,298.54,Amount act around half.
P0006,Rest,Books,316.92,Detail above customer because my attention while account.
P0057,Federal,Home,77.92,Ground agent try lose.
P0017,Network,Home,297.01,Organization nothing move tree event game partner.
P0028,Challenge,Clothing,215.26,Sell most environmental the scientist.
P0002,Here,Electronics,318.28,City condition detail million.
P0055,Create,Clothing,421.09,Major although future offer Mr relate responsibility.
P0036,Raise,Toys,451.4,Article federal mission relationship toward six.
P0047,Good,Books,133.45,Authority gun himself art.
P0061,Agent,Home,476.62,Under another despite notice represent organization traditional.
P0070,Court,Toys,179.09,Seat simple simply forward skill build.
P0012,Four,Books,153.71,Answer behavior skin government thousand also pattern.
P0015,Serious,Home,343.14,Continue collection team standard.
P0060,Body,Home,475.03,Trade third structure leg field up relationship.
P0085,Energy,Books,106.2,A police build.
P0093,Administration,Books,380.32,Fly ball house opportunity particularly within international.
P0054,Mrs,Books,72.12,Travel maintain interesting far offer direction.
P0001,Weight,Toys,260.94,Lawyer give inside hand argue.
P0069,Authority,Clothing,129.13,She answer old church bank.
P0054,Management,Clothing,176.95,White feel fly up available recent.
P0061,Part,Electronics,113.27,Once might reason employee painting character half.
P0081,Any,Electronics,351.73,Heart both provide bank.
P0003,Century,Home,112.01,Almost song oil event rather.
P0067,Just,Toys,285.54,Next structure off.
P0002,Those,Home,205.69,How field discussion adult door.
P0087,Hit,Home,146.19,Within him color focus behind show peace.
P0072,Away,Electronics,355.1,Sing detail group cost wide.
P0065,Control,Books,91.39,Measure event miss task computer like turn computer.
P0074,Day,Books,359.44,Foreign site act site should should.
P0022,Phone,Toys,386.22,Through student science dinner option card.
P0064,Respond,Books,412.15,Business shake prevent start threat church bed.
P0036,Field,Home,281.8,Morning recent eight soon possible quality visit.
P0064,News,Home,415.64,Thus they give window color.
P0004,Everybody,Books,177.02,Defense tonight value day any.
P0018,Decide,Home,41.84,Because raise many work however.
P0067,Full,Toys,476.23,Produce manager fast really.
P0034,Tv,Home,436.47,Name pick short near couple fall.
P0045,Foot,Electronics,126.99,Herself day be radio.
P0100,Throw,Toys,145.92,Can strong idea edge behavior.
P0014,Way,Toys,357.58,Someone face see audience idea night when.
P0064,Ground,Clothing,406.13,Political piece box democratic news.
P0027,Which,Toys,448.42,Every fire card visit student.
P0100,Parent,Toys,487.09,Near cost color though.
P0069,Hospital,Toys,248.0,Week serious list explain there.
P0088,It,Toys,219.09,Pm hope case night science education.
P0042,Blue,Home,203.89,Enough admit nor.
P0087,Hair,Clothing,259.46,Blood its news performance fast wind sea maybe.
P0098,Free,Toys,185.48,Attention almost represent officer key agree memory.
P0099,Form,Toys,97.31,Some reduce order common vote wind.
P0060,Spend,Books,475.19,Stock man determine staff.
P0019,Huge,Toys,233.86,Piece choose scientist.
P0012,Agent,Clothing,262.64,Even ok improve degree.
P0064,Once,Electronics,143.22,Benefit whom however end.
P0036,Pattern,Electronics,81.17,Skin attorney return soldier color know hard.
P0088,Cell,Toys,99.82,Effect everyone receive his business stage.
P0068,Require,Toys,192.81,Notice voice plan smile.
P0067,Produce,Electronics,276.73,Machine in world oil quite hand month arrive.
P0047,Design,Books,19.46,There what fish black sometimes.
P0050,Future,Home,252.59,Push special various occur feel partner price choose.
P0020,Number,Clothing,252.01,Case service well star.
P0072,Yes,Books,460.64,Red either decade game.
P0026,Challenge,Home,30.61,Reflect protect situation certainly for camera.
P0040,Mind,Toys,365.97,Manager interesting during since.
P0073,Must,Clothing,35.48,Other consider note guy nature whole eye.
P0062,Ability,Clothing,122.98,Production ahead sister early particular today.
P0056,Large,Home,259.9,Argue though mind recently director training.
P0001,Property,Books,255.65,Card soon soldier.
P0022,Maybe,Books,458.22,Medical a price.
P0008,Home,Books,202.24,Including hold year wish page sign country.
P0100,Indicate,Home,102.9,Commercial least beat current health.
P0078,Trial,Toys,347.86,Old oil matter.
P0030,Factor,Books,244.44,Attorney those key.
P0100,Clear,Toys,317.53,Follow long Democrat reveal move surface.
P0086,Card,Toys,105.17,Event end thank drug.
P0097,Later,Home,50.42,Do respond system ball wife allow.
P0027,Serve,Toys,306.44,New father learn increase total beautiful.
P0087,Someone,Clothing,163.63,Suddenly hotel gas young.
P0074,Law,Electronics,329.08,Level detail professional father window.
P0038,Position,Home,184.06,Minute you performance mouth.
P0052,Learn,Toys,450.98,President oil this apply little.
P0068,Again,Clothing,422.87,Woman source you window deal notice final.
P0033,Drop,Home,435.5,Rather particular mission commercial each step.
P0079,Mean,Clothing,190.38,Learn ahead carry bill usually level.
P0052,A,Books,316.08,Son board the find career.
P0017,Defense,Toys,80.6,Benefit land government because best.
P0082,Religious,Toys,299.3,Easy give glass face get author seem.
P0052,Actually,Toys,69.99,Later hair money only tend.
P0027,Pass,Books,156.21,Account seek site guy.
P0097,This,Books,338.03,They ago design avoid police north.
P0028,Question,Electronics,470.45,Specific city side term whose night.
P0005,Audience,Clothing,413.93,Turn us moment you little.
P0029,My,Toys,123.67,Section realize recently present because interesting itself.
P0043,At,Toys,408.78,Design former season according each put billion.
P0084,Between,Home,443.81,Future bar choose travel other above early common.
P0043,Hand,Clothing,196.01,From finish big building speak.
P0046,Deal,Toys,475.78,Project cause Mr turn I.
P0027,Also,Clothing,294.4,Store cup consumer north.
P0027,Next,Electronics,275.44,Run serve to forward.
P0038,Administration,Books,480.8,Treatment trip arm bring alone particular.
P0050,Back,Clothing,284.9,Without kitchen present young start only soldier.
P0069,Value,Books,128.81,Skill including case seat blood politics.
P0069,Grow,Toys,176.2,Us attorney him college now.
P0014,Adult,Clothing,471.0,Mean back interest Congress city.
P0066,Agency,Toys,481.33,Economy bad specific majority cause under peace.
P0007,Actually,Books,494.0,Course worker your southern short strong.
P0038,Future,Books,60.14,Operation enough husband.
P0018,Far,Toys,414.66,Trip detail rise know west.
P0085,Station,Home,411.01,Whatever until ability reach party end future party.
P0087,Place,Toys,159.05,Strong window police.
P0045,Effort,Home,409.97,Window help leg.
P0099,Language,Electronics,154.56,Industry fish difficult.
P0087,Life,Toys,331.9,Letter yet himself front technology Republican citizen.
P0078,Agree,Toys,436.59,Last point evidence probably.
P0075,Way,Clothing,177.26,Process price discover out like.
P0014,Issue,Toys,389.03,Say southern moment trip past lose try.
P0048,Contain,Electronics,203.2,Drug charge summer away reality consumer executive policy.
P0034,To,Books,173.37,Fire behind talk system.
P0011,Claim,Toys,351.9,Weight quite foreign second country walk someone task.
P0094,Look,Home,387.29,Wrong base customer owner tax situation control.
P0084,Great,Home,95.53,Everything drug she social tell thought street.
P0002,Job,Electronics,228.26,While anyone treatment participant rock will expert.
P0022,Front,Electronics,144.12,Want teach pattern explain church.
P0059,Director,Toys,87.95,Bag ask red food stay fall keep.
P0031,Possible,Home,465.54,Well develop blood institution.
P0049,Buy,Home,178.04,Maybe something peace set son across.
P0089,Customer,Electronics,267.9,Ok create brother spring may trial.
P0080,Four,Toys,49.46,Myself produce tough president successful.
P0020,Parent,Toys,441.78,Manage season music letter.
P0083,Arm,Toys,460.12,Need ready positive.
P0078,Seek,Electronics,336.41,Several generation significant possible detail want add.
P0044,Realize,Electronics,439.78,Game daughter tell tell far.
P0028,Air,Electronics,290.48,Worker agree car happen nature.
P0079,Money,Electronics,53.09,Guess yeah inside media.
P0018,Difference,Electronics,431.27,Cultural large father system chance.
P0034,Include,Home,410.7,Door charge language rate less.
P0078,Performance,Clothing,350.69,Worry state word whatever guy.
P0033,Impact,Electronics,217.16,Follow rule before from range another property car.
P0036,Citizen,Home,225.3,Grow defense education break report concern.
P0041,Hundred,Home,153.67,Return hope full probably fine conference between professor.
P0017,Sister,Toys,211.91,Everyone because store painting stuff thank program national.
P0045,Green,Home,318.32,Together send minute.
P0090,Tax,Home,325.16,Knowledge science upon Congress.
P0062,Feeling,Electronics,169.23,Case artist woman feeling peace require answer.
P0033,Fear,Electronics,394.41,Visit another real.
P0100,Far,Home,111.19,Either four although protect rest without.
P0081,Light,Home,138.27,Wide make not.
P0035,Face,Clothing,311.84,This walk do successful become build eat.
P0028,Manager,Books,223.22,He page every.
P0091,Allow,Toys,292.55,Pretty woman education future stage bed chair.
P0032,Affect,Toys,415.79,Life throughout since important.
P0072,Figure,Home,482.18,Hotel together pull federal movie when mission.
P0094,Along,Toys,173.72,Help couple head already.
P0047,Upon,Clothing,359.67,Than receive kid common bill history.
P0023,Strong,Toys,105.35,Record agent long cost.
P0016,Drug,Electronics,32.1,Physical four keep development have.
P0046,Need,Toys,106.46,Read civil ever follow traditional.
P0022,Answer,Electronics,284.36,Hit forward particular country none rate as also.
P0076,Fine,Clothing,60.71,Father author decade any start physical bring.
P0030,Shake,Books,100.68,Western class paper each she hour eye structure.
P0007,Evidence,Books,136.6,Again themselves they build short statement.
P0059,Similar,Books,402.95,Option plan look Democrat.
P0094,Camera,Electronics,139.35,These return south forget PM.
P0062,Ahead,Home,459.16,Fish they direction defense.
P0002,But,Books,169.59,Drive more issue shake value expect.
P0054,Necessary,Toys,160.04,Politics occur and thousand watch.
P0047,According,Books,415.71,Marriage character dark listen star.
P0099,Whose,Books,34.8,Various soldier push bit worry ever.
P0047,Realize,Home,424.38,Without rock clear serve argue economic half.
P0001,Treatment,Books,246.93,Affect executive environmental near.
P0029,Discuss,Electronics,268.51,Worry run traditional thousand station say phone.
P0020,Source,Books,22.56,Foot movement or measure senior day.
P0080,Air,Toys,339.38,Manager ten maybe score establish.
P0019,Cover,Clothing,75.7,They different born relationship result fear address.
P0025,It,Home,32.23,Happy sound such sign cup wide.
P0044,Moment,Books,262.04,Sound dinner name activity.
P0093,Manager,Books,355.04,Good decade mission type drive.
P0014,Hot,Toys,15.14,Look focus husband line message husband despite.
P0054,Training,Clothing,189.59,Poor actually number tree understand.
P0098,Though,Home,98.05,Usually hit help often herself.
P0010,Tough,Toys,269.42,Five here billion magazine factor.
P0006,Could,Books,229.26,Attention parent card.
P0082,Common,Toys,413.94,Few time may industry.
P0068,Option,Clothing,137.86,Cause someone continue thank best.
P0080,Although,Clothing,440.97,Relate listen political degree.
P0098,Event,Electronics,25.89,Imagine any give onto order speak study.
P0004,Boy,Books,135.11,Leave one cost police cover lawyer.
P0043,Receive,Clothing,466.57,Back allow win career.
P0082,Concern,Toys,331.7,Son would record would chair might scene.
P0080,Ask,Home,143.96,Must shoulder film new couple center.
P0075,Along,Electronics,314.82,My answer blue car chair window image way.
P0024,Resource,Clothing,388.51,Author against song into half mouth development.
P0017,Above,Home,235.36,Between forget control represent us author gun.
P0018,Economy,Clothing,145.1,Detail room manage federal center court research lead.
P0044,Parent,Toys,75.37,Ask audience ask glass.
P0083,Lot,Home,405.88,Point art water by four standard father.
P0009,Apply,Home,421.1,Method base either.
P0002,Where,Books,443.32,Buy mouth fine maybe share into.
P0027,Yeah,Electronics,136.99,Character eye grow build charge town parent.
P0080,Food,Electronics,492.1,Create information natural as parent their garden.
P0058,Hear,Home,128.82,Care crime per probably.
P0084,Stage,Books,230.1,Identify common soldier exist either.
P0020,Write,Electronics,450.91,Senior there than ground entire.
P0055,Glass,Home,111.29,Expert country away war society subject.
P0043,Born,Electronics,191.21,Many newspaper garden simple partner individual.
P0065,Author,Toys,333.54,Local amount many about growth.
P0078,Particularly,Books,39.65,Argue indeed arm live.
P0028,Pretty,Books,291.02,Drive rock whatever idea mean nearly station pick.
P0094,Out,Books,195.72,Particular thank push about now.
P0079,Line,Books,87.6,Free once watch still.
P0094,Painting,Home,224.16,Three many total support operation case over well.
P0044,And,Home,77.95,He record hundred ready wrong strategy candidate image.
P0043,He,Clothing,416.12,Begin suddenly daughter bag various race test.
P0033,Couple,Home,62.84,Chance good probably world reveal still.
P0045,Finish,Books,419.38,This product sister visit seem.
P0100,Door,Home,177.41,Future she art or general truth tend.
P0048,Compare,Toys,449.98,Themselves hotel answer information choice not history.
P0007,Be,Clothing,149.55,World fund else service tell why understand.
P0050,Child,Clothing,33.0,Tv never want relate.
P0007,Since,Toys,158.81,Knowledge must manager worker save another no.
P0099,Since,Clothing,403.39,Brother wife ready before man.
P0034,Recently,Home,70.56,Third of bit.
P0033,Term,Home,396.02,Similar understand animal voice.
P0069,Few,Clothing,270.91,Assume ten memory suddenly writer window office.
P0036,Chair,Books,310.98,Through throughout left production walk ahead two.
P0030,Yet,Electronics,224.58,Pay more something well suddenly.
P0087,Meet,Books,327.38,Home cause important especially sometimes interview view bill.
P0053,Parent,Clothing,211.75,Commercial control view common.
P0049,These,Books,389.33,Region so science at no consumer analysis.
P0091,Appear,Books,487.76,Site speak wish four but young.
P0022,Guy,Books,14.38,As type remember under check.
P0034,Where,Books,68.74,Plan capital provide line amount though let protect.
P0041,Five,Clothing,95.04,Ready case believe necessary affect exist television.
P0072,Very,Toys,86.82,Ahead around language something show step want.
P0079,Agree,Home,405.07,Those wall thus only something hundred.
P0065,Natural,Electronics,233.3,Seek professional key provide area.
P0030,Team,Electronics,16.94,Employee image push huge.
P0099,News,Home,113.39,Professor center meet collection letter business affect.
P0096,Common,Toys,450.78,Read anyone participant open court behavior mission.
P0075,Every,Toys,303.88,About plan detail huge here group man.
P0044,Article,Books,270.76,Table others sound total yourself end study.
P0093,Someone,Books,324.46,Natural follow huge heavy pick.
P0043,Production,Home,231.1,Chair including black social.
P0021,Number,Clothing,448.89,Thousand game impact himself stop next month.
P0098,Certain,Home,485.59,Laugh five here allow standard.
P0056,National,Electronics,177.27,Serve contain wall expect carry.
P0043,High,Home,146.03,Trip event party none mention government.
P0078,White,Home,273.93,World effect radio care both trade under.
P0044,Large,Home,166.6,Campaign brother let also military carry.
P0045,Would,Toys,127.4,Movie charge peace course have party wonder morning.
P0060,Far,Books,91.4,Front test suddenly religious.
P0052,Change,Toys,197.25,Cup entire hand bad be.
P0006,Majority,Electronics,345.15,Executive song store whole significant low.
P0054,Student,Clothing,258.57,Majority who charge certainly it history water.
P0086,Base,Clothing,441.33,Present not pass red.
P0075,Democrat,Electronics,206.23,Against establish order friend amount accept air pattern.
P0010,Ready,Toys,284.7,Two within experience.
P0053,Strong,Clothing,488.31,Face protect all story.
P0033,Hot,Books,351.09,Never beyond mouth doctor analysis when amount.
P0056,Move,Clothing,200.3,Miss language report type material.
P0061,Wrong,Home,130.43,Eight collection similar board.
P0100,Life,Electronics,26.55,Seat born clearly.
P0066,Understand,Home,267.91,But some the page wall.
P0003,Story,Clothing,61.11,Store rather respond pretty.
P0065,Skin,Books,152.38,Throughout else page tend discuss reason indeed product.
P0033,Across,Books,398.9,Beyond value finish her.
P0059,Everything,Books,415.94,Knowledge weight strategy thing.
P0088,Those,Home,74.42,Thank others election pretty interview.
P0090,More,Books,25.76,Food recognize two speak.
P0099,Family,Clothing,152.58,Keep gas approach continue machine.
P0024,Long,Clothing,414.33,Argue now man as interest produce our.
P0076,Ok,Clothing,157.08,Action discussion actually yard.
P0080,Person,Books,356.34,Cell general talk could.
P0004,Eye,Toys,28.45,Game more from.
P0084,Carry,Toys,28.19,Particular represent number standard institution image smile.
P0032,Letter,Home,175.67,Congress meet study foot feeling.
P0038,Paper,Clothing,239.34,Fast quality lot.
P0045,Significant,Home,313.04,Republican worker certainly address across.
P0076,Science,Books,181.66,Order sure especially authority life.
P0077,Firm,Clothing,409.37,Water let system pretty heavy human street.
P0073,Thus,Books,499.79,Congress hotel president much develop choose.
P0093,It,Electronics,74.36,Try increase book black run particular.
P0068,Year,Books,209.47,Crime hotel road recent rate Congress seat.
P0080,Clear,Clothing,30.73,Quickly language can.
P0063,One,Toys,39.54,Bring about last dog.
P0024,South,Toys,479.94,Beat will thousand into remember buy.
P0099,Year,Toys,256.16,Professional agency above team ten weight second.
P0014,Hotel,Books,241.18,Local economic friend raise one lose candidate.
P0081,Just,Home,391.01,Property like industry expert.
P0094,Maintain,Electronics,136.56,Fine condition ask goal.
P0053,Admit,Clothing,18.64,Impact really culture analysis national.
P0076,Hospital,Toys,293.15,Born her fact brother per bag.
P0021,Minute,Books,113.02,Population media list pull.
P0061,Reach,Electronics,130.05,Difference expert board dog account.
P0083,Read,Toys,311.3,For organization half.
P0028,Television,Electronics,405.05,Five however perhaps rate central.
P0094,Nation,Clothing,172.62,Detail say born tonight.
P0018,Station,Clothing,477.29,Off least high.
P0028,High,Toys,250.45,Deal beyond firm government available vote specific after.
P0084,Name,Clothing,265.47,Once event million yes.
P0005,Able,Clothing,477.06,Author leave contain player.
P0077,Hundred,Electronics,393.08,Cultural just teach apply early above board plan.
P0069,Scientist,Electronics,465.5,Say woman pay heart.
P0083,Very,Home,423.81,Attention for apply.
P0047,Particularly,Toys,486.49,Key them according control south.
P0060,Window,Books,305.92,Likely land our job.
P0049,Rich,Clothing,491.59,Imagine commercial two between consider turn summer.
P0072,Sure,Home,112.89,Kitchen others strategy maybe source spring.
P0065,Top,Books,201.15,Financial he agency participant coach protect activity board.
P0093,Box,Electronics,193.57,Standard perform parent.
P0050,Remember,Electronics,475.1,Building read country also senior.
P0100,Music,Home,116.47,Bring often candidate simple.
P0050,Already,Toys,25.3,Should imagine smile his space.
P0069,Six,Toys,304.32,Pretty democratic exactly both.
P0098,Event,Clothing,285.45,Blue most also once course without glass.
P0061,Type,Home,487.02,New station main.
P0032,Kid,Electronics,145.34,Democratic like available pay.
P0007,Live,Home,59.81,Space home bank concern next character environmental.
P0086,Skin,Electronics,332.51,Even even wish relate development deal sister.
P0089,Growth,Toys,359.39,It race behavior example glass through.
P0070,Me,Books,233.73,Wide toward action fear order stuff police.
P0069,Leave,Clothing,325.39,Even either size heavy price young.
P0043,Themselves,Electronics,487.25,Executive white prevent table.
P0067,Meet,Books,100.78,Star air notice although chair.
P0060,Hair,Books,496.53,Someone grow commercial newspaper large hospital evening scientist.
P0090,Follow,Home,122.88,Weight professional strategy approach mother road reveal.
P0076,Future,Home,492.15,This less catch poor.
P0051,Skin,Clothing,359.87,Summer forward operation within far final.
P0032,Around,Home,321.11,May maintain cultural per road growth television.
P0012,Sort,Clothing,422.67,It try along put federal himself perhaps.
P0043,Sing,Books,43.24,Expert inside campaign suffer mind tonight.
P0086,City,Books,244.54,Work tax here and use serve test.
P0025,Point,Home,70.07,President kid get rich bar hot.
P0018,Fine,Electronics,353.36,Clear anyone can develop investment toward.
P0062,By,Toys,38.41,Treatment seem best pattern turn Congress.
P0010,Forget,Electronics,318.07,Approach process management clearly.
P0053,Her,Electronics,11.31,Sister what window form well either.
P0051,And,Home,214.79,Others safe take player.
P0064,Player,Home,96.39,Poor most stand manager save.
P0012,Maybe,Electronics,121.01,Yard start factor among decade democratic.
P0070,Item,Toys,204.22,Significant current throw.
P0027,Point,Home,452.19,Cover bit special myself positive.
P0073,Kind,Home,95.85,Support free father board hold.
P0087,Vote,Electronics,205.76,Improve realize across remain statement point material officer.
P0096,American,Clothing,304.43,Write task dog catch describe.
P0016,Career,Books,327.87,Data cause plant near glass list gun leader.
P0053,One,Electronics,395.04,Two technology international necessary.
P0051,Few,Electronics,108.76,Student senior movie clearly.
P0018,Voice,Books,26.92,Management protect seat.
P0036,Rich,Toys,271.7,Guess create school college term.
P0055,Hospital,Electronics,140.29,Control charge west religious your arrive.
P0087,Magazine,Electronics,106.73,Speech east art so.
P0097,Hand,Home,195.58,Raise ground above.
